vqa_id,video_id,start_time,end_time,object_name
0,P03-20240218-202148,00:09:24.366,00:09:34.366,The cupboard.
1,P01-20240203-150506,00:01:02.466,00:01:12.466,The sponge.
2,P04-20240413-151722,00:02:01.833,00:02:11.833,The jars of salt.
3,P01-20240203-130505,00:07:02.566,00:07:12.566,The pot.
4,P05-20240427-143353,00:13:19.566,00:13:29.566,The recycling container lid.
5,P05-20240425-201444,00:20:57.366,00:21:07.366,The glass.
6,P01-20240203-150506,00:04:24.866,00:04:34.866,The sponge.
7,P07-20240530-102543,00:00:48.466,00:00:58.466,The knife.
8,P02-20240210-100308,00:02:21.566,00:02:31.566,The apples.
9,P02-20240211-111219,00:00:38.566,00:00:48.566,The kitchen roll.
10,P07-20240529-194518,00:24:06.200,00:24:16.200,The wooden spatula.
11,P05-20240425-082420,00:02:29.666,00:02:39.666,The knife.
12,P03-20240218-101509,00:00:19.233,00:00:29.233,The plate.
13,P09-20240624-160737,00:25:13.366,00:25:23.366,The plate.
14,P05-20240427-143353,00:05:28.733,00:05:38.733,The tin of coconut milk.
15,P08-20240614-184945,00:06:53.233,00:07:03.233,The clip.
16,P09-20240624-160737,00:03:33.033,00:03:43.033,The bottle of oil.
17,P01-20240203-184045,00:00:15.000,00:00:25.000,The spatula.
18,P08-20240617-130401,00:28:41.066,00:28:51.066,The tea towel.
19,P07-20240531-101357,00:10:19.866,00:10:29.866,The dish scrubber.
20,P08-20240617-130401,00:19:50.666,00:20:00.666,The vegetables.
21,P03-20240217-150310,00:02:41.733,00:02:51.733,The dirty spoons.
22,P03-20240217-094713,00:02:24.800,00:02:34.800,The bread.
23,P05-20240425-173353,00:01:39.933,00:01:49.933,The knife.
24,P05-20240425-173353,00:02:40.566,00:02:50.566,The mixing bowl.
25,P07-20240529-194518,00:09:50.200,00:10:00.200,The frying pan.
26,P09-20240624-165332,00:11:46.766,00:11:56.766,The tea towel.
27,P04-20240414-181030,00:18:12.900,00:18:22.900,The pressure cooker.
28,P07-20240531-101357,00:15:44.700,00:15:54.700,The wooden scrubbing brush.
29,P02-20240209-194141,00:02:46.633,00:02:56.633,The bowl.
30,P03-20240218-144430,00:05:26.200,00:05:36.200,The little sponge.
31,P07-20240531-101357,00:04:35.266,00:04:45.266,The metal grille.
32,P03-20240217-152152,00:01:10.333,00:01:20.333,The laundry conditioner cap.
33,P08-20240617-130401,00:29:23.433,00:29:33.433,The box.
34,P05-20240427-143353,00:13:01.500,00:13:11.500,The garlic.
35,P08-20240618-171546,00:02:14.466,00:02:24.466,The wok.
36,P07-20240530-102543,00:19:11.133,00:19:21.133,The flour.
37,P07-20240529-194518,00:14:08.800,00:14:18.800,The tupperware container.
38,P06-20240510-100047,00:23:32.500,00:23:42.500,The notebook.
39,P05-20240425-201444,00:15:22.466,00:15:32.466,The oven glove.
40,P07-20240529-194518,00:22:48.366,00:22:58.366,The lettuce bag.
41,P03-20240218-202148,00:02:33.200,00:02:43.200,The frying pan.
42,P02-20240210-100308,00:02:43.900,00:02:53.900,The bag of tortilla chips.
43,P09-20240624-160737,00:33:30.466,00:33:40.466,The towel.
44,P09-20240622-154652,00:04:25.466,00:04:35.466,The bottle of washing up liquid.
45,P08-20240617-130401,00:08:38.933,00:08:48.933,The tomato container.
46,P07-20240531-101357,00:05:36.033,00:05:46.033,The drying mat.
47,P05-20240425-201444,00:15:49.133,00:15:59.133,The scales.
48,P05-20240425-173353,00:02:17.466,00:02:27.466,The box of food.
49,P05-20240425-173353,00:05:25.466,00:05:35.466,The glass mixing bowl.
50,P05-20240427-143353,00:18:53.966,00:19:03.966,The towel.
51,P01-20240203-130505,00:06:43.533,00:06:53.533,The plate.
52,P03-20240217-150310,00:09:23.100,00:09:33.100,The left chair.
53,P08-20240614-184945,00:12:39.600,00:12:49.600,The tongs.
54,P01-20240202-195538,00:01:42.966,00:01:52.966,The plastic container of soup.
55,P09-20240624-160737,00:11:33.733,00:11:43.733,The bowl of onions.
56,P02-20240211-104948,00:03:15.300,00:03:25.300,The bowl.
57,P07-20240529-102652,00:01:03.600,00:01:13.600,The metal ring.
58,P04-20240414-181030,00:04:19.766,00:04:29.766,The lid of pressure cooker.
59,P05-20240427-145526,00:01:37.933,00:01:47.933,The pan lid.
60,P05-20240425-201444,00:18:25.033,00:18:35.033,The pan.
61,P03-20240217-150310,00:09:17.400,00:09:27.400,The left tea towel.
62,P08-20240614-184945,00:02:22.066,00:02:32.066,The salmon skewer packaging.
63,P02-20240211-111219,00:02:01.133,00:02:11.133,The container of sugar.
64,P07-20240531-101357,00:17:52.666,00:18:02.666,The wooden scrubbing brush.
65,P08-20240618-171546,00:14:31.566,00:14:41.566,The jar.
66,P05-20240425-171455,00:09:43.766,00:09:53.766,The pot.
67,P04-20240413-145245,00:09:12.500,00:09:22.500,The frying pan.
68,P07-20240531-201703,00:08:54.200,00:09:04.200,The phone.
69,P07-20240529-194518,00:08:06.200,00:08:16.200,The cheese block.
70,P08-20240617-130401,00:01:46.300,00:01:56.300,The cucumber.
71,P08-20240617-130401,00:07:55.466,00:08:05.466,The bag of celery.
72,P07-20240529-194518,00:14:53.133,00:15:03.133,The small block of cheese.
73,P01-20240203-130505,00:01:22.133,00:01:32.133,The pile of peeled carrots.
74,P08-20240617-130401,00:24:31.600,00:24:41.600,The top of pot.
75,P04-20240414-181030,00:01:34.866,00:01:44.866,The pressure cooker.
76,P03-20240218-202148,00:05:13.033,00:05:23.033,The dishwasher brush.
77,P07-20240530-111344,00:00:48.733,00:00:58.733,The notepad.
78,P03-20240217-150310,00:06:24.833,00:06:34.833,The bottle.
79,P09-20240624-165332,00:10:41.366,00:10:51.366,The tea towel.
80,P07-20240531-101357,00:38:20.966,00:38:30.966,The stool.
81,P02-20240211-115653,00:01:31.733,00:01:41.733,The large plastic spoon.
82,P07-20240529-102652,00:02:44.533,00:02:54.533,The cutlery.
83,P07-20240531-201703,00:00:36.666,00:00:46.666,The grater.
84,P07-20240529-194518,00:15:02.800,00:15:12.800,The glass of water.
85,P09-20240624-160737,00:04:39.300,00:04:49.300,The basket of vegetables.
86,P01-20240203-130505,00:00:40.666,00:00:50.666,The butter.
87,P07-20240531-201703,00:13:09.666,00:13:19.666,The garlic bulb.
88,P09-20240624-160737,00:34:18.366,00:34:28.366,The wooden spoon.
89,P07-20240531-201703,00:25:57.333,00:26:07.333,The can opener.
90,P05-20240425-201444,00:25:01.000,00:25:11.000,The ramekin.
91,P09-20240624-165332,00:01:18.966,00:01:28.966,The knife.
92,P08-20240618-171546,00:09:15.966,00:09:25.966,The mug holder.
93,P08-20240617-130401,00:07:38.233,00:07:48.233,The kitchen scale.
94,P07-20240531-201703,00:21:08.933,00:21:18.933,The spoon.
95,P02-20240210-100308,00:01:08.733,00:01:18.733,The food bin.
96,P08-20240617-130401,00:23:51.000,00:24:01.000,The pack of aluminum foil.
97,P08-20240617-130401,00:01:51.933,00:02:01.933,The chopping board.
98,P03-20240217-210126,00:01:53.166,00:02:03.166,The saucepan.
99,P09-20240624-165332,00:13:34.633,00:13:44.633,The bowl.
100,P02-20240211-111219,00:02:13.633,00:02:23.633,The cookbook.
101,P09-20240624-165332,00:14:13.366,00:14:23.366,The oven glove.
102,P06-20240510-100047,00:16:01.866,00:16:11.866,The mobile phone.
103,P01-20240202-195538,00:01:32.133,00:01:42.133,The mug.
104,P04-20240413-151722,00:02:21.033,00:02:31.033,The yogurt container.
105,P07-20240529-194518,00:24:29.000,00:24:39.000,The small bowl.
106,P06-20240510-100047,00:16:23.800,00:16:33.800,The coffee cup.
107,P05-20240425-082420,00:00:55.866,00:01:05.866,The glass.
108,P09-20240624-160737,00:13:17.466,00:13:27.466,The scale.
109,P02-20240211-104948,00:00:55.866,00:01:05.866,The roll of puff pastry.
110,P02-20240211-115653,00:00:46.633,00:00:56.633,The puff pastry.
111,P08-20240618-171546,00:14:59.633,00:15:09.633,The wok.
112,P07-20240529-102652,00:05:05.166,00:05:15.166,The bottle of dishwashing liquid.
113,P05-20240425-173353,00:07:49.700,00:07:59.700,The weighing scales.
114,P05-20240427-143353,00:01:11.900,00:01:21.900,The washing up bowl.
115,P03-20240217-152152,00:00:27.633,00:00:37.633,The laundry detergent bottle.
116,P01-20240204-152537,00:04:43.800,00:04:53.800,The cloth.
117,P08-20240614-184945,00:12:31.866,00:12:41.866,The oven mitt.
118,P07-20240529-102652,00:01:09.366,00:01:19.366,The spatula.
119,P05-20240425-201444,00:16:44.766,00:16:54.766,The plate.
120,P08-20240618-171546,00:10:02.733,00:10:12.733,The phone.
121,P01-20240202-195538,00:04:41.500,00:04:51.500,The mug.
122,P08-20240617-130401,00:23:38.566,00:23:48.566,The small plate.
123,P05-20240424-090812,00:01:17.366,00:01:27.366,The tablespoon.
124,P02-20240210-122334,00:01:10.166,00:01:20.166,The tupperware box.
125,P03-20240216-223126,00:01:43.233,00:01:53.233,The bottle opener.
126,P05-20240425-171455,00:16:37.466,00:16:47.466,The wooden spoon.
127,P05-20240425-173353,00:07:35.800,00:07:45.800,The jar of spice.
128,P05-20240425-201444,00:15:57.166,00:16:07.166,The jar of chocolate buttons.
129,P08-20240617-130401,00:01:08.500,00:01:18.500,The pot.
130,P05-20240427-143353,00:17:56.500,00:18:06.500,The pan.
131,P08-20240614-184945,00:09:32.500,00:09:42.500,The bottle of washing up liquid.
132,P09-20240624-165332,00:18:57.866,00:19:07.866,The bottle of washing up liquid.
133,P07-20240529-194518,00:11:17.266,00:11:27.266,The bowl.
134,P02-20240210-122334,00:01:26.533,00:01:36.533,The paring knife.
135,P05-20240425-173353,00:02:09.033,00:02:19.033,The wooden spoon.
136,P08-20240614-184945,00:01:51.300,00:02:01.300,The baking tray.
137,P09-20240622-154652,00:09:18.600,00:09:28.600,The sponge.
138,P05-20240425-173353,00:00:23.466,00:00:33.466,The wooden spoon.
139,P04-20240413-151722,00:01:21.133,00:01:31.133,The green capped condiment jar.
140,P05-20240424-090812,00:02:19.333,00:02:29.333,The plate.
141,P09-20240622-194642,00:02:58.533,00:03:08.533,The discarded cling film wrap.
142,P03-20240218-202148,00:06:00.900,00:06:10.900,The metal colander.
143,P06-20240510-100047,00:01:06.766,00:01:16.766,The spoon.
144,P05-20240423-172243,00:05:27.066,00:05:37.066,The phone.
145,P07-20240529-102652,00:02:12.566,00:02:22.566,The knife.
146,P03-20240217-150310,00:08:36.100,00:08:46.100,The red cup.
147,P05-20240427-151808,00:00:48.500,00:00:58.500,The washing up brush.
148,P08-20240617-130401,00:01:46.766,00:01:56.766,The kitchen scale.
149,P02-20240209-194141,00:11:08.966,00:11:18.966,The sponge.
150,P08-20240617-130401,00:08:46.166,00:08:56.166,The onion.
151,P01-20240204-152537,00:04:21.200,00:04:31.200,The food waste bin.
152,P08-20240617-130401,00:24:49.800,00:24:59.800,The kitchen scale.
153,P07-20240529-194518,00:24:28.300,00:24:38.300,The lettuce bag.
154,P04-20240413-145245,00:00:58.466,00:01:08.466,The tongs.
155,P07-20240531-101357,00:38:31.800,00:38:41.800,The espresso basket.
156,P04-20240414-181030,00:00:20.333,00:00:30.333,The pen.
157,P04-20240413-151722,00:18:01.000,00:18:11.000,The spoon.
158,P05-20240427-143353,00:16:45.300,00:16:55.300,The pan lid.
159,P05-20240425-171455,00:10:44.700,00:10:54.700,The cheese block.
160,P03-20240218-202148,00:04:59.066,00:05:09.066,The saucepan.
161,P08-20240617-130401,00:25:15.666,00:25:25.666,The bottle of dishwashing liquid.
162,P09-20240622-154652,00:10:10.100,00:10:20.100,The box of foil.
163,P05-20240425-201444,00:24:46.300,00:24:56.300,The spoon.
164,P07-20240529-102652,00:04:53.533,00:05:03.533,The tupperware container.
165,P01-20240203-130505,00:01:19.666,00:01:29.666,The paper notepad.
166,P08-20240618-171546,00:17:04.000,00:17:14.000,The tea towel.
167,P03-20240218-144430,00:00:24.200,00:00:34.200,The tiramisu cardboard packaging.
168,P07-20240529-194518,00:22:23.266,00:22:33.266,The wooden spatula.
169,P01-20240203-130505,00:07:21.933,00:07:31.933,The kettle.
170,P03-20240217-100448,00:00:42.100,00:00:52.100,The cup.
171,P03-20240217-152152,00:00:33.200,00:00:43.200,The cap.
172,P04-20240414-181030,00:07:43.333,00:07:53.333,The plastic spatula.
173,P02-20240210-122334,00:01:10.133,00:01:20.133,The lid of tupperware box.
174,P07-20240531-201703,00:26:22.066,00:26:32.066,The white plastic lid.
175,P05-20240425-171455,00:13:28.800,00:13:38.800,The fine cheese grater.
176,P07-20240529-102652,00:05:19.066,00:05:29.066,The cloth.
177,P05-20240425-171455,00:10:55.066,00:11:05.066,The knife.
178,P03-20240218-144430,00:01:17.166,00:01:27.166,The plate.
179,P09-20240624-160737,00:34:31.333,00:34:41.333,The ceramic mug.
180,P06-20240510-100047,00:16:28.766,00:16:38.766,The milk frother.
181,P05-20240427-143353,00:16:07.900,00:16:17.900,The knife.
182,P08-20240617-130401,00:16:11.233,00:16:21.233,The kitchen scale.
183,P07-20240531-201703,00:05:34.633,00:05:44.633,The measuring spoon.
184,P07-20240529-194518,00:06:51.866,00:07:01.866,The spoon.
185,P04-20240413-151722,00:20:03.666,00:20:13.666,The lid of container.
186,P09-20240624-160737,00:24:30.133,00:24:40.133,The bottle of salt.
187,P05-20240425-201444,00:19:52.900,00:20:02.900,The mixer blades.
188,P09-20240624-160737,00:14:00.733,00:14:10.733,The steaming rack.
189,P09-20240624-160737,00:12:40.233,00:12:50.233,The saucepan.
190,P08-20240617-130401,00:18:31.966,00:18:41.966,The plastic container.
191,P04-20240413-151722,00:07:44.233,00:07:54.233,The packet.
192,P05-20240425-171455,00:10:16.366,00:10:26.366,The wooden spoon.
193,P04-20240413-151722,00:06:50.033,00:07:00.033,The jar of peppers.
194,P03-20240218-202148,00:05:13.000,00:05:23.000,The sponge.
195,P05-20240425-173353,00:02:40.533,00:02:50.533,The chopping board.
196,P07-20240531-201703,00:23:36.733,00:23:46.733,The chopping board.
197,P06-20240510-100047,00:16:30.700,00:16:40.700,The bottle of liquid dishwasher.
198,P08-20240617-130401,00:28:41.600,00:28:51.600,The peeler.
199,P04-20240413-145245,00:12:36.900,00:12:46.900,The black marker.
200,P09-20240624-160737,00:00:59.866,00:01:09.866,The pyrex bowl of meat.
201,P09-20240624-165332,00:18:38.333,00:18:48.333,The tea towel.
202,P03-20240218-202148,00:09:42.366,00:09:52.366,The sponge.
203,P07-20240531-201703,00:24:23.366,00:24:33.366,The bag of parsley.
204,P09-20240624-165332,00:10:53.833,00:11:03.833,The fork.
205,P07-20240531-101357,00:01:51.100,00:02:01.100,The bowl.
206,P05-20240425-201444,00:04:46.066,00:04:56.066,The glass bowl.
207,P02-20240209-194141,00:10:49.600,00:10:59.600,The roll of drawer liners.
208,P01-20240203-130505,00:01:40.433,00:01:50.433,The onion.
209,P03-20240217-210126,00:01:33.066,00:01:43.066,The pan.
210,P02-20240211-104948,00:02:15.400,00:02:25.400,The swiss roll cake.
211,P04-20240413-151722,00:01:13.833,00:01:23.833,The orange wiping cloth.
212,P07-20240531-201703,00:28:34.666,00:28:44.666,The food waste bin.
213,P01-20240204-152537,00:05:14.766,00:05:24.766,The pot.
214,P03-20240216-090759,00:05:04.500,00:05:14.500,The recycling bin.
215,P09-20240622-194642,00:05:52.266,00:06:02.266,The mug.
216,P05-20240425-173353,00:03:54.700,00:04:04.700,The washing up bowl.
217,P08-20240617-130401,00:20:15.833,00:20:25.833,The sauce bottle.
218,P04-20240413-151722,00:19:00.733,00:19:10.733,The jar of peanut butter.
219,P09-20240624-160737,00:35:07.400,00:35:17.400,The fork.
220,P02-20240211-111219,00:00:16.900,00:00:26.900,The cookbook.
221,P05-20240427-145526,00:05:47.666,00:05:57.666,The spoon.
222,P02-20240211-100250,00:05:13.466,00:05:23.466,The wand attachment.
223,P05-20240425-201444,00:25:09.033,00:25:19.033,The knife.
224,P08-20240617-130401,00:13:50.933,00:14:00.933,The top of pot.
225,P09-20240622-154652,00:15:52.933,00:16:02.933,The smaller saucepan.
226,P05-20240427-145526,00:03:00.766,00:03:10.766,The scales.
227,P08-20240614-132938,00:02:12.333,00:02:22.333,The oven mitt.
228,P09-20240624-160737,00:01:43.933,00:01:53.933,The basket of vegetables.
229,P07-20240531-201703,00:25:03.700,00:25:13.700,The sheet of kitchen roll.
230,P09-20240622-194642,00:02:20.566,00:02:30.566,The container of leftovers.
231,P05-20240425-171455,00:03:16.466,00:03:26.466,The skewer.
232,P02-20240209-194141,00:00:57.700,00:01:07.700,The plastic.
233,P03-20240218-144430,00:02:40.266,00:02:50.266,The plate of food.
234,P07-20240529-194518,00:07:23.500,00:07:33.500,The saucepan.
235,P03-20240217-150310,00:05:46.733,00:05:56.733,The white mug.
236,P01-20240203-150506,00:03:27.533,00:03:37.533,The bowl.
237,P07-20240531-101357,00:04:33.366,00:04:43.366,The air fryer drawer.
238,P08-20240617-130401,00:11:28.733,00:11:38.733,The paper towel.
239,P04-20240414-181030,00:04:54.000,00:05:04.000,The sponge.
240,P01-20240203-150506,00:08:38.133,00:08:48.133,The lid.
241,P07-20240530-102543,00:02:50.933,00:03:00.933,The glass.
242,P05-20240427-143353,00:13:26.300,00:13:36.300,The washing up bowl.
243,P02-20240211-104948,00:03:43.900,00:03:53.900,The box of wheat bixies.
244,P04-20240413-151722,00:07:44.533,00:07:54.533,The green pot.
245,P08-20240614-184945,00:14:21.800,00:14:31.800,The bowl.
246,P08-20240618-171546,00:16:57.200,00:17:07.200,The measuring cups.
247,P02-20240210-100308,00:02:04.133,00:02:14.133,The right hand vegetable drawer.
248,P05-20240423-172243,00:01:20.000,00:01:30.000,The tin of tomatoes.
249,P02-20240210-122334,00:01:32.766,00:01:42.766,The normal knife.
250,P04-20240413-151722,00:03:20.900,00:03:30.900,The bottle of sriracha sauce.
251,P08-20240614-184945,00:12:32.100,00:12:42.100,The baking tray.
252,P03-20240218-202148,00:06:25.033,00:06:35.033,The dishwasher brush.
253,P08-20240618-171546,00:17:13.100,00:17:23.100,The kettle.
254,P09-20240622-194642,00:00:36.200,00:00:46.200,The green plate.
255,P02-20240211-104948,00:02:42.733,00:02:52.733,The spoon.
256,P09-20240624-160737,00:11:59.933,00:12:09.933,The bottle of washing up liquid.
257,P01-20240203-150506,00:04:56.000,00:05:06.000,The plate.
258,P02-20240209-194141,00:00:42.733,00:00:52.733,The spatula.
259,P08-20240614-184945,00:06:29.900,00:06:39.900,The bowl.
260,P09-20240624-160737,00:13:51.466,00:14:01.466,The basket.
261,P08-20240614-184945,00:10:07.000,00:10:17.000,The piece of plastic.
262,P08-20240618-171546,00:17:12.400,00:17:22.400,The frying pan.
263,P05-20240425-171455,00:17:00.400,00:17:10.400,The pot.
264,P05-20240425-201444,00:22:26.766,00:22:36.766,The phone.
265,P09-20240624-160737,00:11:48.466,00:11:58.466,The chopping board.
266,P04-20240414-181030,00:02:13.700,00:02:23.700,The measuring cup.
267,P09-20240624-160737,00:04:50.833,00:05:00.833,The skewer.
268,P08-20240617-130401,00:18:56.100,00:19:06.100,The bowl.
269,P09-20240624-165332,00:11:02.333,00:11:12.333,The spoon.
270,P08-20240617-130401,00:20:28.166,00:20:38.166,The bag of spinach.
271,P09-20240624-160737,00:13:20.833,00:13:30.833,The bag of potato.
272,P07-20240531-101357,00:16:17.100,00:16:27.100,The knives.
273,P08-20240618-171546,00:17:21.166,00:17:31.166,The spatula.
274,P07-20240531-101357,00:00:41.500,00:00:51.500,The tea towel.
275,P03-20240217-152152,00:01:03.633,00:01:13.633,The laundry conditioner.
276,P04-20240414-181030,00:02:18.266,00:02:28.266,The pair of scissors.
277,P06-20240510-100047,00:00:08.366,00:00:18.366,The electric kettle.
278,P07-20240530-102543,00:21:13.100,00:21:23.100,The cloth.
279,P08-20240618-171546,00:00:24.100,00:00:34.100,The wok.
280,P07-20240530-102543,00:18:44.166,00:18:54.166,The lid.
281,P02-20240209-194141,00:00:14.766,00:00:24.766,The milk bottle.
282,P06-20240510-100047,00:04:29.633,00:04:39.633,The coffee cup.
283,P05-20240427-143353,00:05:58.166,00:06:08.166,The half of onion.
284,P05-20240425-171455,00:13:34.533,00:13:44.533,The cheese block.
285,P08-20240614-132938,00:02:20.000,00:02:30.000,The plate.
286,P07-20240531-101357,00:03:19.433,00:03:29.433,The kettle.
287,P09-20240622-154652,00:09:07.566,00:09:17.566,The weighing scales.
288,P05-20240425-201444,00:18:27.866,00:18:37.866,The pan lid.
289,P05-20240427-145526,00:01:31.766,00:01:41.766,The spatula.
290,P05-20240425-201444,00:17:59.066,00:18:09.066,The cheese graters.
291,P03-20240217-150310,00:05:49.300,00:05:59.300,The mug.
292,P08-20240617-130401,00:07:59.833,00:08:09.833,The vegetables.
293,P01-20240202-195538,00:07:41.233,00:07:51.233,The spoon.
294,P06-20240510-100047,00:22:22.866,00:22:32.866,The cloth.
295,P03-20240218-144430,00:00:26.500,00:00:36.500,The red chopsticks.
296,P09-20240624-160737,00:24:43.033,00:24:53.033,The fork.
297,P05-20240427-145526,00:03:30.833,00:03:40.833,The pan lid.
298,P08-20240617-130401,00:19:49.433,00:19:59.433,The spoon.
299,P02-20240210-100308,00:00:17.333,00:00:27.333,The kebab wraps.
300,P04-20240413-151722,00:06:51.133,00:07:01.133,The green capped condiment jar.
301,P01-20240204-130448,00:07:46.366,00:07:56.366,The orange.
302,P05-20240425-201444,00:01:57.433,00:02:07.433,The sugar bag.
303,P07-20240530-102543,00:23:07.800,00:23:17.800,The torn off piece of baking paper.
304,P08-20240617-130401,00:24:50.333,00:25:00.333,The knife.
305,P01-20240203-152956,00:02:26.133,00:02:36.133,The foil wrap.
306,P01-20240202-195538,00:03:36.566,00:03:46.566,The bowl.
307,P08-20240614-184945,00:13:20.533,00:13:30.533,The seasoning.
308,P01-20240203-150506,00:00:48.666,00:00:58.666,The left glove.
309,P08-20240614-184945,00:11:33.366,00:11:43.366,The seasoning.
310,P07-20240529-102652,00:13:24.166,00:13:34.166,The tea towel.
311,P07-20240531-101357,00:04:54.600,00:05:04.600,The dish scrubber.
312,P07-20240529-102652,00:02:16.933,00:02:26.933,The small wire brush.
313,P08-20240617-130401,00:09:17.433,00:09:27.433,The top of pot.
314,P06-20240510-100047,00:01:13.866,00:01:23.866,The lid of milk carton.
315,P08-20240614-132938,00:00:52.133,00:01:02.133,The oven mitt.
316,P08-20240618-171546,00:00:31.066,00:00:41.066,The spatula.
317,P09-20240622-194642,00:00:59.900,00:01:09.900,The pan lid.
318,P02-20240210-122334,00:00:45.633,00:00:55.633,The washing up bowl.
319,P04-20240414-181030,00:03:18.766,00:03:28.766,The purple cloth.
320,P08-20240618-171546,00:05:50.800,00:06:00.800,The wok.
321,P03-20240218-101509,00:00:12.733,00:00:22.733,The fork.
322,P07-20240531-101357,00:39:41.533,00:39:51.533,The coffee spoon.
323,P02-20240210-122334,00:02:35.133,00:02:45.133,The baguette.
324,P02-20240211-111219,00:00:54.300,00:01:04.300,The washing up basin.
325,P04-20240414-181030,00:01:58.800,00:02:08.800,The wooden spatula.
326,P05-20240425-171455,00:14:40.400,00:14:50.400,The chopping board.
327,P05-20240425-173353,00:06:05.900,00:06:15.900,The mug.
328,P03-20240216-090759,00:01:34.733,00:01:44.733,The food waste bin bag.
329,P05-20240425-171455,00:03:27.433,00:03:37.433,The knife.
330,P07-20240531-201703,00:06:03.966,00:06:13.966,The green airpods case.
331,P06-20240510-100047,00:02:44.933,00:02:54.933,The notebook.
332,P09-20240624-160737,00:00:56.033,00:01:06.033,The bottle of garlic.
333,P09-20240622-194642,00:01:13.666,00:01:23.666,The white bowl.
334,P09-20240624-160737,00:14:24.033,00:14:34.033,The knife.
335,P09-20240622-154652,00:16:25.033,00:16:35.033,The tupperware lid.
336,P07-20240530-102543,00:04:20.466,00:04:30.466,The knife.
337,P05-20240425-201444,00:04:23.800,00:04:33.800,The spatula.
338,P08-20240617-130401,00:06:12.200,00:06:22.200,The onion.
339,P09-20240624-165332,00:18:42.800,00:18:52.800,The bowl.
340,P08-20240614-132938,00:00:48.133,00:00:58.133,The tongs.
341,P07-20240530-102543,00:08:53.133,00:09:03.133,The fork.
342,P08-20240617-130401,00:24:37.733,00:24:47.733,The plastic container.
343,P09-20240624-165332,00:18:37.500,00:18:47.500,The saucepan.
344,P05-20240425-201444,00:13:28.833,00:13:38.833,The ramekin.
345,P09-20240622-194642,00:00:36.366,00:00:46.366,The tupperware.
346,P07-20240531-101357,00:10:01.433,00:10:11.433,The food waste bin.
347,P09-20240624-160737,00:35:06.266,00:35:16.266,The saucepan.
348,P08-20240617-130401,00:24:49.833,00:24:59.833,The chopping board.
349,P01-20240203-150506,00:01:18.233,00:01:28.233,The spoon.
350,P07-20240530-102543,00:11:24.266,00:11:34.266,The dishcloth.
351,P02-20240211-111219,00:03:25.633,00:03:35.633,The sponge.
352,P01-20240202-195538,00:02:50.233,00:03:00.233,The sponge.
353,P01-20240202-195538,00:07:18.066,00:07:28.066,The oven gloves.
354,P07-20240529-194518,00:14:16.000,00:14:26.000,The digital scales.
355,P08-20240614-132938,00:01:24.000,00:01:34.000,The fork.
356,P07-20240529-194518,00:14:09.500,00:14:19.500,The pen.
357,P01-20240203-150506,00:03:14.800,00:03:24.800,The wooden spoon.
358,P07-20240531-101357,00:03:30.600,00:03:40.600,The measuring spoons.
359,P09-20240624-160737,00:13:30.166,00:13:40.166,The packet of skewers.
360,P05-20240425-201444,00:19:52.933,00:20:02.933,The knife.
361,P05-20240425-083515,00:02:58.200,00:03:08.200,The plate.
362,P08-20240617-130401,00:32:03.133,00:32:13.133,The lid.
363,P04-20240413-151722,00:00:48.166,00:00:58.166,The cap of pen.
364,P03-20240217-150310,00:04:04.800,00:04:14.800,The spatula.
365,P07-20240531-201703,00:09:27.166,00:09:37.166,The bag of avocados.
366,P04-20240413-145245,00:09:43.233,00:09:53.233,The kitchen tongs.
367,P03-20240216-223126,00:01:00.533,00:01:10.533,The ginger ale pack.
368,P07-20240531-201703,00:26:39.900,00:26:49.900,The dish scrubbing brush.
369,P08-20240617-130401,00:22:19.600,00:22:29.600,The spoon.
370,P08-20240617-130401,00:29:13.333,00:29:23.333,The salad bowl.
371,P05-20240425-171455,00:17:19.633,00:17:29.633,The metal bowl.
372,P08-20240618-171546,00:10:25.700,00:10:35.700,The spatula.
373,P03-20240218-202148,00:00:35.033,00:00:45.033,The plastic divider.
374,P05-20240423-172243,00:05:06.833,00:05:16.833,The bowl.
375,P07-20240530-102543,00:19:10.533,00:19:20.533,The packet of chocolate chips.
376,P08-20240614-184945,00:01:42.100,00:01:52.100,The piece of foil.
377,P07-20240531-201703,00:05:38.800,00:05:48.800,The pen.
378,P05-20240427-143353,00:11:32.233,00:11:42.233,The tin of coconut milk.
379,P01-20240203-150506,00:05:43.033,00:05:53.033,The glass.
380,P03-20240218-202148,00:02:12.533,00:02:22.533,The dishwasher brush.
381,P03-20240218-202148,00:08:19.000,00:08:29.000,The sponge.
382,P01-20240203-150506,00:06:03.866,00:06:13.866,The tablet.
383,P07-20240531-101357,00:10:19.900,00:10:29.900,The scourer.
384,P04-20240413-151722,00:19:33.200,00:19:43.200,The measuring cup.
385,P09-20240624-160737,00:33:10.266,00:33:20.266,The bottle of salt.
386,P01-20240202-195538,00:01:05.033,00:01:15.033,The disk.
387,P03-20240218-202148,00:05:12.900,00:05:22.900,The spatula.
388,P07-20240531-201703,00:05:26.066,00:05:36.066,The bottle of vegetable oil.
389,P05-20240427-143353,00:04:45.233,00:04:55.233,The sriracha sauce bottle.
390,P05-20240427-143353,00:05:47.700,00:05:57.700,The knife.
391,P08-20240617-130401,00:32:20.900,00:32:30.900,The bottle of dishwashing liquid.
392,P03-20240218-144430,00:03:17.333,00:03:27.333,The dirty colander.
393,P07-20240531-101357,00:08:00.000,00:08:10.000,The tea towel.
394,P09-20240624-160737,00:35:28.700,00:35:38.700,The sponge.
395,P03-20240217-210126,00:02:34.666,00:02:44.666,The plate.
396,P05-20240425-173353,00:04:54.800,00:05:04.800,The mug.
397,P09-20240624-160737,00:04:04.533,00:04:14.533,The knife.
398,P08-20240614-184945,00:00:29.566,00:00:39.566,The cardboard sleeve.
399,P08-20240617-130401,00:32:28.000,00:32:38.000,The salad bowl.
400,P04-20240414-181030,00:02:32.200,00:02:42.200,The chopping board.
401,P03-20240218-202148,00:06:15.500,00:06:25.500,The plastic colander.
402,P05-20240425-171455,00:10:48.333,00:10:58.333,The cheese grater.
403,P07-20240531-101357,00:03:29.133,00:03:39.133,The bottom of blender.
404,P05-20240425-201444,00:22:13.600,00:22:23.600,The glass.
405,P05-20240427-143353,00:11:20.966,00:11:30.966,The peanut butter jar.
406,P04-20240414-181030,00:00:23.866,00:00:33.866,The packet of black mustard seeds.
407,P03-20240217-150310,00:00:13.900,00:00:23.900,The spoon.
408,P07-20240531-101357,00:38:31.766,00:38:41.766,The coffee apparatus.
409,P02-20240210-122334,00:03:26.433,00:03:36.433,The frying pan.
410,P09-20240624-160737,00:11:43.000,00:11:53.000,The oven tray.
411,P08-20240617-130401,00:28:21.900,00:28:31.900,The paper towel.
412,P08-20240614-184945,00:12:23.400,00:12:33.400,The sponge.
413,P03-20240217-100448,00:02:52.066,00:03:02.066,The tea towel.
414,P03-20240217-100448,00:01:00.133,00:01:10.133,The knife.
415,P02-20240211-111219,00:00:38.266,00:00:48.266,The tissue.
416,P08-20240617-130401,00:27:22.666,00:27:32.666,The cleaning cloth.
417,P04-20240414-181030,00:01:52.500,00:02:02.500,The purple cloth.
418,P09-20240624-160737,00:11:58.433,00:12:08.433,The sponge.
419,P05-20240425-173353,00:07:17.933,00:07:27.933,The mug.
420,P08-20240618-171546,00:19:11.700,00:19:21.700,The spatula.
421,P01-20240202-195538,00:00:51.433,00:01:01.433,The candy floss bowl.
422,P08-20240617-130401,00:22:47.066,00:22:57.066,The bag of coriander.
423,P08-20240617-130401,00:01:29.100,00:01:39.100,The bag of spinach.
424,P07-20240530-102543,00:19:16.233,00:19:26.233,The teaspoon.
425,P07-20240529-194518,00:14:32.700,00:14:42.700,The piece of plastic packaging.
426,P08-20240618-171546,00:15:59.433,00:16:09.433,The jar.
427,P05-20240427-151808,00:01:30.300,00:01:40.300,The soy sauce.
428,P03-20240218-101509,00:01:29.833,00:01:39.833,The box.
429,P03-20240218-144430,00:11:40.366,00:11:50.366,The place mat.
430,P05-20240424-130119,00:00:39.566,00:00:49.566,The ladle.
431,P04-20240414-181030,00:01:03.933,00:01:13.933,The bowl.
432,P05-20240425-201444,00:24:37.166,00:24:47.166,The scales.
433,P06-20240510-100047,00:22:35.633,00:22:45.633,The tablecloth.
434,P05-20240425-171455,00:01:42.033,00:01:52.033,The rich tea biscuits.
435,P03-20240218-144430,00:01:09.366,00:01:19.366,The knife.
436,P05-20240425-171455,00:10:17.833,00:10:27.833,The frying pan.
437,P07-20240530-102543,00:20:21.300,00:20:31.300,The colander.
438,P08-20240618-171546,00:09:16.000,00:09:26.000,The scissors.
439,P09-20240624-165332,00:00:36.000,00:00:46.000,The sponge.
440,P03-20240218-202148,00:06:42.533,00:06:52.533,The cloth.
441,P07-20240529-194518,00:02:41.766,00:02:51.766,The frying pan.
442,P05-20240425-201444,00:04:46.033,00:04:56.033,The bowl.
443,P07-20240529-194518,00:21:45.066,00:21:55.066,The knife.
444,P08-20240614-184945,00:14:34.833,00:14:44.833,The baking tray.
445,P05-20240425-201444,00:02:29.000,00:02:39.000,The jar of chocolate buttons.
446,P02-20240211-115653,00:00:50.166,00:01:00.166,The tupperware box.
447,P02-20240210-100308,00:02:12.033,00:02:22.033,The bag of food.
448,P07-20240531-201703,00:30:33.866,00:30:43.866,The spoon.
449,P05-20240427-143353,00:17:38.366,00:17:48.366,The towel.
450,P08-20240618-171546,00:16:40.433,00:16:50.433,The sponge.
451,P05-20240427-145526,00:02:14.900,00:02:24.900,The spoon.
452,P08-20240614-184945,00:10:40.166,00:10:50.166,The plate.
453,P07-20240529-102652,00:14:05.366,00:14:15.366,The mug.
454,P08-20240618-171546,00:16:08.433,00:16:18.433,The phone.
455,P07-20240531-201703,00:05:23.900,00:05:33.900,The packet of cashew nuts.
456,P08-20240617-130401,00:11:29.000,00:11:39.000,The smaller knife.
457,P09-20240624-165332,00:13:25.733,00:13:35.733,The saucepan.
458,P05-20240424-090812,00:01:27.400,00:01:37.400,The packet of raisins.
459,P02-20240209-194141,00:00:15.033,00:00:25.033,The glass.
460,P05-20240425-201444,00:15:47.566,00:15:57.566,The butter.
461,P01-20240204-152537,00:05:14.800,00:05:24.800,The lid.
462,P03-20240217-150310,00:05:04.466,00:05:14.466,The pan lid.
463,P09-20240624-165332,00:22:34.966,00:22:44.966,The spoon.
464,P02-20240210-100308,00:01:37.766,00:01:47.766,The tea.
465,P06-20240510-100047,00:04:28.166,00:04:38.166,The notebook.
466,P02-20240210-122334,00:04:43.500,00:04:53.500,The smaller frying pan.
467,P09-20240624-160737,00:34:49.633,00:34:59.633,The mug.
468,P08-20240614-132938,00:02:20.600,00:02:30.600,The salad bowl.
469,P07-20240530-102543,00:23:07.833,00:23:17.833,The baking paper.
470,P05-20240425-171455,00:15:00.733,00:15:10.733,The pot of pepper.
471,P04-20240413-145245,00:12:37.133,00:12:47.133,The kitchen rag.
472,P03-20240218-101509,00:00:48.500,00:00:58.500,The cup.
473,P09-20240624-165332,00:14:16.000,00:14:26.000,The tea towel.
474,P05-20240427-151808,00:01:37.833,00:01:47.833,The lid.
475,P04-20240413-151722,00:00:36.900,00:00:46.900,The half of cut lemon.
476,P08-20240617-130401,00:29:14.200,00:29:24.200,The knife holder.
477,P01-20240202-195538,00:04:41.200,00:04:51.200,The lid.
478,P09-20240622-194642,00:03:22.200,00:03:32.200,The sponge.
479,P03-20240218-202148,00:04:51.366,00:05:01.366,The plate.
480,P07-20240529-194518,00:08:13.566,00:08:23.566,The scissors.
481,P04-20240414-181030,00:00:20.366,00:00:30.366,The cap of pen.
482,P08-20240614-132938,00:00:44.400,00:00:54.400,The salad bowl.
483,P03-20240217-150310,00:08:40.100,00:08:50.100,The cling film box.
484,P08-20240617-130401,00:01:08.433,00:01:18.433,The top of pot.
485,P09-20240624-160737,00:25:00.600,00:25:10.600,The towel.
486,P05-20240425-201444,00:13:29.166,00:13:39.166,The glass bowl.
487,P02-20240211-104948,00:00:58.866,00:01:08.866,The carton of yogurt.
488,P05-20240427-143353,00:05:50.300,00:06:00.300,The chopping board.
489,P02-20240211-115653,00:05:37.066,00:05:47.066,The large plastic spoon.
490,P08-20240617-130401,00:01:14.666,00:01:24.666,The plastic container.
491,P05-20240425-201444,00:19:45.833,00:19:55.833,The lid.
492,P09-20240624-160737,00:03:31.133,00:03:41.133,The bottle of salt.
493,P09-20240625-103827,00:02:12.766,00:02:22.766,The baking tray.
494,P07-20240531-201703,00:25:47.333,00:25:57.333,The plastic box.
495,P09-20240622-194642,00:05:31.700,00:05:41.700,The fork.
496,P02-20240209-194141,00:11:06.700,00:11:16.700,The mat.
497,P07-20240530-111344,00:00:48.766,00:00:58.766,The pen.
498,P09-20240624-160737,00:14:03.466,00:14:13.466,The sieve.
499,P08-20240614-184945,00:03:11.900,00:03:21.900,The weighing scales.
500,P05-20240425-171455,00:00:58.333,00:01:08.333,The pan.
501,P06-20240510-100047,00:10:54.066,00:11:04.066,The spoons.
502,P05-20240425-171455,00:16:37.433,00:16:47.433,The frying pan.
503,P03-20240218-202148,00:08:43.066,00:08:53.066,The orange cloth.
504,P04-20240413-145245,00:01:05.633,00:01:15.633,The kitchen tongs.
505,P07-20240529-102652,00:14:41.566,00:14:51.566,The coffee machine.
506,P07-20240530-102543,00:13:41.100,00:13:51.100,The self-raising flour.
507,P01-20240203-130505,00:00:41.700,00:00:51.700,The jar of chocolate.
508,P01-20240204-152537,00:02:21.266,00:02:31.266,The strainer.
509,P05-20240423-172243,00:05:06.133,00:05:16.133,The pot of mango chutney.
510,P09-20240624-165332,00:13:45.600,00:13:55.600,The plate.
511,P08-20240614-132938,00:00:41.700,00:00:51.700,The plate.
512,P07-20240530-102543,00:01:24.600,00:01:34.600,The plate.
513,P07-20240530-102543,00:01:54.766,00:02:04.766,The mug.
514,P09-20240624-160737,00:33:36.866,00:33:46.866,The bottle of soap.
515,P08-20240617-130401,00:20:28.200,00:20:38.200,The bag of coriander.
516,P07-20240529-194518,00:11:23.366,00:11:33.366,The very small piece of cheese.
517,P09-20240624-160737,00:13:20.100,00:13:30.100,The basket of vegetables.
518,P05-20240425-173353,00:03:05.833,00:03:15.833,The knife.
519,P05-20240425-201444,00:01:50.600,00:02:00.600,The glass bowl.
520,P08-20240614-184945,00:08:30.533,00:08:40.533,The baking tray.
521,P09-20240622-194642,00:05:25.566,00:05:35.566,The drying rack.
522,P07-20240529-194518,00:14:31.966,00:14:41.966,The spoon.
523,P04-20240413-151722,00:03:01.800,00:03:11.800,The notebook.
524,P01-20240203-150506,00:08:22.600,00:08:32.600,The bottle of olive oil.
525,P02-20240210-100308,00:03:17.233,00:03:27.233,The tea.
526,P08-20240614-184945,00:15:55.366,00:16:05.366,The cutlery tray.
527,P04-20240413-151722,00:18:42.900,00:18:52.900,The spice jar.
528,P05-20240425-171455,00:03:05.900,00:03:15.900,The packet of bacon.
529,P02-20240210-100308,00:02:49.466,00:02:59.466,The kebab wraps.
530,P09-20240624-165332,00:22:35.033,00:22:45.033,The bottle of milk.
531,P01-20240203-150506,00:06:41.266,00:06:51.266,The tupperware.
532,P01-20240202-195538,00:03:37.000,00:03:47.000,The container.
533,P05-20240425-171455,00:15:25.966,00:15:35.966,The fork.
534,P05-20240425-171455,00:16:35.533,00:16:45.533,The knife.
535,P08-20240614-184945,00:02:26.600,00:02:36.600,The bag of frozen broccoli.
536,P09-20240625-103827,00:01:02.800,00:01:12.800,The glass.
537,P04-20240414-181030,00:01:02.733,00:01:12.733,The plate.
538,P07-20240531-101357,00:09:40.366,00:09:50.366,The coffee machine.
539,P09-20240624-160737,00:03:38.700,00:03:48.700,The skewer.
540,P08-20240618-171546,00:17:08.633,00:17:18.633,The coffee machine.
541,P07-20240530-102543,00:20:21.266,00:20:31.266,The saucepan.
542,P08-20240614-184945,00:07:05.966,00:07:15.966,The box of kitchen foil.
543,P03-20240218-144430,00:03:28.366,00:03:38.366,The bowl.
544,P04-20240413-151722,00:18:22.600,00:18:32.600,The kitchen rag.
545,P05-20240427-151808,00:00:51.000,00:01:01.000,The washing up liquid.
546,P07-20240529-194518,00:14:31.300,00:14:41.300,The wooden spatula.
547,P09-20240624-160737,00:14:59.300,00:15:09.300,The towel.
548,P05-20240425-171455,00:10:12.933,00:10:22.933,The pot lid.
549,P08-20240617-130401,00:01:46.533,00:01:56.533,The knife holder.
550,P01-20240204-152537,00:02:33.800,00:02:43.800,The cloth.
551,P01-20240202-195538,00:07:05.066,00:07:15.066,The mug.
552,P03-20240217-150310,00:04:55.600,00:05:05.600,The chopping board.
553,P07-20240531-201703,00:24:03.600,00:24:13.600,The packet of cashew nuts.
554,P07-20240531-201703,00:25:39.700,00:25:49.700,The new spoon.
555,P08-20240617-130401,00:28:21.666,00:28:31.666,The can opener.
556,P05-20240425-171455,00:16:35.200,00:16:45.200,The chopping board.
557,P05-20240425-201444,00:04:14.266,00:04:24.266,The brush.
558,P03-20240218-144430,00:03:46.533,00:03:56.533,The food waste bin.
559,P08-20240617-130401,00:03:40.500,00:03:50.500,The tea towel.
560,P08-20240617-130401,00:23:31.333,00:23:41.333,The tea towel.
561,P05-20240424-130119,00:01:39.233,00:01:49.233,The mug.
562,P07-20240530-102543,00:21:15.300,00:21:25.300,The orange sponge.
563,P01-20240204-095114,00:01:36.233,00:01:46.233,The milk frother.
564,P07-20240531-101357,00:40:05.700,00:40:15.700,The cup.
565,P05-20240425-201444,00:04:06.800,00:04:16.800,The mixer.
566,P03-20240218-144430,00:00:24.333,00:00:34.333,The yellow choptsticks.
567,P05-20240425-201444,00:11:23.800,00:11:33.800,The ramekin.
568,P02-20240210-195833,00:00:23.033,00:00:33.033,The butter knife.
569,P04-20240414-181030,00:02:53.900,00:03:03.900,The plastic container.
570,P05-20240425-171455,00:11:24.933,00:11:34.933,The chopping board.
571,P07-20240529-102652,00:04:12.766,00:04:22.766,The lid of food waste bin.
572,P03-20240217-150310,00:08:15.333,00:08:25.333,The plastic box lid.
573,P05-20240425-201444,00:19:38.766,00:19:48.766,The mug.
574,P02-20240210-122334,00:02:08.400,00:02:18.400,The spatula.
575,P09-20240624-160737,00:32:22.000,00:32:32.000,The plate.
576,P07-20240530-102543,00:03:56.566,00:04:06.566,The butter pack.
577,P04-20240413-145245,00:00:35.533,00:00:45.533,The wooden spoon.
578,P03-20240218-144430,00:00:47.900,00:00:57.900,The dishwasher brush.
579,P05-20240425-171455,00:03:16.200,00:03:26.200,The scales.
580,P08-20240617-130401,00:25:17.700,00:25:27.700,The smaller knife.
581,P03-20240217-150310,00:10:22.900,00:10:32.900,The cleaning product.
582,P05-20240425-201444,00:17:42.333,00:17:52.333,The chopping board.
583,P09-20240624-165332,00:23:16.366,00:23:26.366,The timer.
584,P09-20240622-154652,00:00:49.866,00:00:59.866,The spoon.
585,P03-20240217-150310,00:04:36.500,00:04:46.500,The coffee filter.
586,P01-20240203-130505,00:07:52.766,00:08:02.766,The plate.
587,P02-20240211-115653,00:00:53.566,00:01:03.566,The packet of cheese.
588,P05-20240427-143353,00:13:44.733,00:13:54.733,The pan lid.
589,P05-20240427-143353,00:17:57.766,00:18:07.766,The spatula.
590,P07-20240529-102652,00:03:57.000,00:04:07.000,The cloth.
591,P07-20240529-194518,00:14:08.600,00:14:18.600,The kitchen roll.
592,P07-20240530-111344,00:01:25.533,00:01:35.533,The scrubbing brush.
593,P09-20240624-165332,00:18:20.900,00:18:30.900,The spoon.
594,P06-20240510-100047,00:22:51.900,00:23:01.900,The spoon.
595,P08-20240617-130401,00:32:31.333,00:32:41.333,The glass.
596,P07-20240529-194518,00:09:15.066,00:09:25.066,The piece of cheese.
597,P03-20240217-210126,00:00:49.100,00:00:59.100,The dishwasher brush.
598,P07-20240531-101357,00:39:40.833,00:39:50.833,The espresso basket.
599,P04-20240414-181030,00:02:18.300,00:02:28.300,The brush.
600,P07-20240531-201703,00:23:39.466,00:23:49.466,The notebook.
601,P07-20240531-201703,00:23:52.100,00:24:02.100,The bag of lettuce.
602,P04-20240414-181030,00:02:56.033,00:03:06.033,The lid of plastic container.
603,P09-20240624-160737,00:15:06.433,00:15:16.433,The spice basket.
604,P03-20240218-202148,00:00:35.966,00:00:45.966,The food container.
605,P02-20240211-115653,00:00:53.166,00:01:03.166,The loaf of bread.
606,P08-20240614-184945,00:13:22.800,00:13:32.800,The fork.
607,P07-20240531-101357,00:01:05.366,00:01:15.366,The mug.
608,P05-20240425-201444,00:01:57.400,00:02:07.400,The mayonnaise.
609,P08-20240618-171546,00:15:43.066,00:15:53.066,The can of tomato sauce.
610,P08-20240618-171546,00:09:59.400,00:10:09.400,The can opener.
611,P08-20240618-171546,00:16:15.033,00:16:25.033,The lid of flask.
612,P04-20240414-181030,00:02:26.233,00:02:36.233,The bag of food.
613,P04-20240413-151722,00:07:11.666,00:07:21.666,The spoon.
614,P01-20240203-130505,00:07:42.533,00:07:52.533,The carrot.
615,P02-20240211-104948,00:02:47.633,00:02:57.633,The garage door key.
616,P06-20240510-100047,00:01:11.700,00:01:21.700,The milk bottle.
617,P09-20240624-160737,00:19:39.333,00:19:49.333,The fork.
618,P03-20240218-144430,00:09:22.200,00:09:32.200,The coffee jug.
619,P09-20240624-160737,00:12:27.600,00:12:37.600,The towel.
620,P09-20240624-165332,00:12:14.500,00:12:24.500,The timer.
621,P08-20240614-184945,00:16:28.700,00:16:38.700,The plate.
622,P05-20240427-145526,00:01:21.166,00:01:31.166,The scales.
623,P05-20240425-173353,00:00:56.333,00:01:06.333,The lettuce packaging.
624,P09-20240624-160737,00:14:14.333,00:14:24.333,The plate.
625,P03-20240217-150310,00:08:49.333,00:08:59.333,The piece of bread.
626,P01-20240203-130505,00:06:45.166,00:06:55.166,The wooden spatula.
627,P06-20240510-100047,00:04:31.533,00:04:41.533,The pen.
628,P08-20240614-184945,00:03:18.466,00:03:28.466,The piece of plastic.
629,P09-20240624-160737,00:13:11.200,00:13:21.200,The bottle of salt.
630,P02-20240211-104948,00:02:12.900,00:02:22.900,The carton of yogurt.
631,P05-20240425-083515,00:02:53.433,00:03:03.433,The bowl of porridge.
632,P09-20240624-165332,00:02:33.400,00:02:43.400,The chopping board.
633,P06-20240510-094438,00:02:14.966,00:02:24.966,The frying pan.
634,P03-20240218-101509,00:02:39.900,00:02:49.900,The coffee filter.
635,P01-20240204-152537,00:03:02.633,00:03:12.633,The food processor's motor.
636,P07-20240530-102543,00:17:18.100,00:17:28.100,The packet of chocolate chips.
637,P07-20240529-102652,00:13:31.766,00:13:41.766,The drawer.
638,P03-20240216-223126,00:01:19.466,00:01:29.466,The lid.
639,P02-20240209-194141,00:01:53.633,00:02:03.633,The sponge.
640,P07-20240529-194518,00:22:07.200,00:22:17.200,The digital scales.
641,P03-20240218-101509,00:00:48.166,00:00:58.166,The crumpled tissues.
642,P07-20240530-102543,00:02:40.600,00:02:50.600,The spoon.
643,P08-20240614-184945,00:10:13.700,00:10:23.700,The chopping board.
644,P05-20240427-143353,00:13:03.800,00:13:13.800,The recycling container.
645,P07-20240530-102543,00:08:41.466,00:08:51.466,The packet of chocolate chips.
646,P05-20240425-171455,00:10:35.833,00:10:45.833,The cheese package.
647,P01-20240203-150506,00:06:45.400,00:06:55.400,The food processor bowl.
648,P03-20240216-090759,00:01:33.966,00:01:43.966,The food waste bin.
649,P04-20240414-181030,00:20:18.866,00:20:28.866,The stack of plastic boxes.
650,P02-20240209-194141,00:02:01.700,00:02:11.700,The paring knife.
651,P05-20240425-082420,00:03:56.000,00:04:06.000,The spoon.
652,P08-20240617-130401,00:33:00.366,00:33:10.366,The phone.
653,P07-20240530-102543,00:12:15.633,00:12:25.633,The measuring spoon.
654,P05-20240425-201444,00:19:45.766,00:19:55.766,The pot with handle.
655,P06-20240510-094438,00:02:43.133,00:02:53.133,The spatula.
656,P09-20240624-160737,00:24:30.100,00:24:40.100,The bottle of oil.
657,P03-20240216-223126,00:01:05.433,00:01:15.433,The ginger ale bottle.
658,P08-20240614-132938,00:01:15.766,00:01:25.766,The tea towel.
659,P04-20240414-181030,00:18:23.033,00:18:33.033,The regulator.
660,P08-20240618-171546,00:19:07.333,00:19:17.333,The frying pan.
661,P05-20240427-143353,00:14:51.600,00:15:01.600,The pint glass.
662,P02-20240210-100308,00:00:26.800,00:00:36.800,The roll of pastry.
663,P09-20240624-165332,00:01:44.400,00:01:54.400,The spoon.
664,P09-20240624-165332,00:00:39.066,00:00:49.066,The glass bowl.
665,P09-20240622-194642,00:03:32.533,00:03:42.533,The ice cube tray.
666,P07-20240529-102652,00:04:54.200,00:05:04.200,The frying pan.
667,P05-20240425-173353,00:06:24.900,00:06:34.900,The lid.
668,P05-20240425-201444,00:25:43.766,00:25:53.766,The towel.
669,P05-20240425-173353,00:01:24.133,00:01:34.133,The frying pan.
670,P05-20240425-171455,00:09:49.466,00:09:59.466,The kettle.
671,P02-20240211-111219,00:00:28.733,00:00:38.733,The mixing bowl.
672,P07-20240530-102543,00:03:56.266,00:04:06.266,The glass jug.
673,P01-20240203-130505,00:01:02.400,00:01:12.400,The knife.
674,P09-20240624-165332,00:22:52.300,00:23:02.300,The kettle.
675,P07-20240530-102543,00:19:10.733,00:19:20.733,The self-raising flour.
676,P09-20240622-194642,00:01:27.966,00:01:37.966,The patterned bowl.
677,P03-20240218-144430,00:02:08.600,00:02:18.600,The little sponge.
678,P08-20240614-184945,00:14:25.966,00:14:35.966,The tea towel.
679,P09-20240622-154652,00:04:35.600,00:04:45.600,The potato masher.
680,P04-20240413-151722,00:00:45.733,00:00:55.733,The marker.
681,P05-20240427-143353,00:14:08.166,00:14:18.166,The dirty bowl.
682,P02-20240210-100308,00:03:08.900,00:03:18.900,The tin of soup.
683,P07-20240530-102543,00:01:24.200,00:01:34.200,The plastic box.
684,P07-20240531-201703,00:24:35.400,00:24:45.400,The carton of milk.
685,P06-20240510-100047,00:02:28.300,00:02:38.300,The jar.
686,P09-20240624-165332,00:04:02.566,00:04:12.566,The tea towel.
687,P05-20240423-172243,00:04:32.133,00:04:42.133,The top of can.
688,P08-20240617-130401,00:11:26.933,00:11:36.933,The large spoon.
689,P08-20240618-171546,00:19:03.266,00:19:13.266,The clip.
690,P03-20240218-144430,00:02:32.000,00:02:42.000,The nutella jar.
691,P04-20240413-145245,00:00:51.633,00:01:01.633,The bowl.
692,P03-20240217-100448,00:04:14.400,00:04:24.400,The bag.
693,P08-20240617-130401,00:01:01.933,00:01:11.933,The bell peper.
694,P02-20240211-111219,00:00:59.900,00:01:09.900,The washing up liquid bottle.
695,P05-20240425-201444,00:16:58.533,00:17:08.533,The spoon new.
696,P07-20240529-102652,00:01:59.233,00:02:09.233,The saucepan.
697,P03-20240217-150310,00:04:04.233,00:04:14.233,The pan lid.
698,P05-20240425-201444,00:13:27.066,00:13:37.066,The pot with handle.
699,P03-20240218-144430,00:13:18.266,00:13:28.266,The teapot.
700,P07-20240531-201703,00:25:20.633,00:25:30.633,The lid of can of food.
701,P08-20240617-130401,00:10:40.200,00:10:50.200,The peeler.
702,P03-20240218-144430,00:02:55.566,00:03:05.566,The saucepan.
703,P02-20240211-115653,00:05:40.000,00:05:50.000,The tea towel.
704,P08-20240614-184945,00:07:22.066,00:07:32.066,The weighing scales.
705,P05-20240425-082420,00:01:05.333,00:01:15.333,The bowl.
706,P02-20240210-122334,00:00:48.800,00:00:58.800,The frying pan.
707,P03-20240217-100448,00:01:00.333,00:01:10.333,The coffee filter.
708,P05-20240423-172243,00:04:11.000,00:04:21.000,The lid of pan.
709,P01-20240203-150506,00:06:11.133,00:06:21.133,The bottle of dishwasher rinser.
710,P01-20240204-152537,00:03:35.166,00:03:45.166,The cloth.
711,P05-20240425-201444,00:02:57.366,00:03:07.366,The box of eggs.
712,P04-20240413-151722,00:07:57.700,00:08:07.700,The pair of scissors.
713,P02-20240210-195833,00:01:18.733,00:01:28.733,The sponge.
714,P07-20240529-194518,00:23:11.166,00:23:21.166,The small bowl.
715,P03-20240217-210126,00:01:52.166,00:02:02.166,The bowl.
716,P05-20240425-201444,00:17:59.800,00:18:09.800,The plate new.
717,P05-20240425-173353,00:05:13.733,00:05:23.733,The pot.
718,P07-20240531-101357,00:24:23.566,00:24:33.566,The air fryer drawer.
719,P08-20240614-184945,00:09:32.533,00:09:42.533,The bowl.
720,P07-20240531-201703,00:06:31.166,00:06:41.166,The spice jar.
721,P03-20240217-210126,00:01:20.000,00:01:30.000,The small bowl.
722,P02-20240211-104948,00:04:57.366,00:05:07.366,The multivitamin pill.
723,P05-20240425-201444,00:13:17.800,00:13:27.800,The spatula.
724,P08-20240618-171546,00:17:08.666,00:17:18.666,The coffee mixer.
725,P06-20240510-100047,00:02:44.733,00:02:54.733,The pen.
726,P05-20240425-171455,00:14:42.466,00:14:52.466,The wooden spoon.
727,P02-20240209-194141,00:08:08.066,00:08:18.066,The pan support.
728,P03-20240217-150310,00:02:46.766,00:02:56.766,The kitchen brush.
729,P04-20240414-181030,00:19:01.766,00:19:11.766,The measuring jug.
730,P03-20240216-090759,00:00:23.533,00:00:33.533,The cup.
731,P04-20240414-181030,00:03:28.400,00:03:38.400,The brush.
732,P04-20240413-151722,00:18:22.233,00:18:32.233,The chopping board.
733,P09-20240624-165332,00:11:18.266,00:11:28.266,The baking tray.
734,P09-20240624-160737,00:14:19.466,00:14:29.466,The potato peeler.
735,P08-20240618-171546,00:09:25.700,00:09:35.700,The frying pan.
736,P06-20240510-100047,00:02:28.500,00:02:38.500,The lid of jar.
737,P05-20240425-171455,00:02:42.266,00:02:52.266,The kettle.
738,P09-20240622-154652,00:01:09.466,00:01:19.466,The potato chicken ball.
739,P01-20240203-150506,00:11:20.533,00:11:30.533,The plastic container.
740,P03-20240218-202148,00:02:23.533,00:02:33.533,The metal colander.
741,P07-20240529-102652,00:03:05.466,00:03:15.466,The mugs.
742,P07-20240530-102543,00:19:40.766,00:19:50.766,The tea towel.
743,P09-20240624-160737,00:13:28.300,00:13:38.300,The potato.
744,P08-20240617-130401,00:22:19.500,00:22:29.500,The plastic container.
745,P05-20240425-201444,00:18:37.900,00:18:47.900,The knife.
746,P07-20240531-201703,00:06:58.800,00:07:08.800,The measuring spoon.
747,P09-20240622-154652,00:10:29.600,00:10:39.600,The roll of cling film.
748,P07-20240531-101357,00:05:41.333,00:05:51.333,The sponge.
749,P08-20240617-130401,00:18:58.300,00:19:08.300,The kitchen scale.
750,P05-20240425-201444,00:18:51.900,00:19:01.900,The fork.
751,P01-20240203-150506,00:07:40.200,00:07:50.200,The cloth.
752,P03-20240218-202148,00:00:46.166,00:00:56.166,The wooden spoon.
753,P07-20240531-101357,00:01:14.466,00:01:24.466,The knives.
754,P03-20240218-144430,00:00:26.533,00:00:36.533,The bowl.
755,P09-20240624-165332,00:04:02.300,00:04:12.300,The fork.
756,P03-20240218-202148,00:02:23.566,00:02:33.566,The saucepan.
757,P08-20240614-132938,00:00:47.566,00:00:57.566,The foil.
758,P08-20240614-184945,00:08:49.633,00:08:59.633,The brush.
759,P02-20240209-194141,00:00:59.433,00:01:09.433,The small bowl.
760,P08-20240617-130401,00:20:40.200,00:20:50.200,The chopping board.
761,P07-20240531-201703,00:08:57.633,00:09:07.633,The spice jar.
762,P09-20240624-165332,00:21:07.566,00:21:17.566,The saucepan.
763,P05-20240425-173353,00:04:52.366,00:05:02.366,The lid.
764,P02-20240209-194141,00:01:24.266,00:01:34.266,The knife.
765,P05-20240424-130119,00:00:53.433,00:01:03.433,The tablespoon.
766,P09-20240624-160737,00:03:19.666,00:03:29.666,The cap of bottle.
767,P08-20240617-130401,00:10:06.400,00:10:16.400,The can of tuna.
768,P01-20240202-195538,00:03:36.466,00:03:46.466,The plate.
769,P02-20240211-111219,00:03:25.566,00:03:35.566,The bowl.
770,P04-20240414-181030,00:01:23.966,00:01:33.966,The plastic spatula.
771,P07-20240531-201703,00:27:39.833,00:27:49.833,The baking tray.
772,P08-20240614-184945,00:07:21.433,00:07:31.433,The air fryer drum.
773,P08-20240617-130401,00:00:23.666,00:00:33.666,The chopping board.
774,P09-20240624-165332,00:01:13.633,00:01:23.633,The tea towel.
775,P09-20240622-194642,00:03:09.733,00:03:19.733,The fork.
776,P07-20240531-101357,00:41:44.800,00:41:54.800,The cup.
777,P03-20240217-150310,00:07:28.166,00:07:38.166,The kitchen brush.
778,P03-20240217-150310,00:05:42.433,00:05:52.433,The stack of dirty small plates.
779,P01-20240203-152323,00:02:00.166,00:02:10.166,The plate.
780,P05-20240427-143353,00:05:06.533,00:05:16.533,The teaspoon.
781,P08-20240614-184945,00:07:21.766,00:07:31.766,The knife.
782,P07-20240531-201703,00:25:05.033,00:25:15.033,The kitchen roll.
783,P08-20240617-130401,00:28:31.333,00:28:41.333,The tin lid.
784,P07-20240529-102652,00:01:50.433,00:02:00.433,The frying pan.
785,P07-20240531-201703,00:24:43.966,00:24:53.966,The food waste bin.
786,P05-20240425-171455,00:01:46.033,00:01:56.033,The knife.
787,P07-20240529-102652,00:03:49.133,00:03:59.133,The mug.
788,P08-20240617-130401,00:06:02.600,00:06:12.600,The phone.
789,P05-20240424-090812,00:02:02.000,00:02:12.000,The knife.
790,P03-20240216-090759,00:05:13.600,00:05:23.600,The cardboard tray.
791,P01-20240204-152537,00:05:14.633,00:05:24.633,The wooden spoon.
792,P07-20240529-102652,00:01:07.733,00:01:17.733,The mug.
793,P07-20240529-194518,00:14:08.300,00:14:18.300,The piece of paper.
794,P05-20240425-173353,00:05:48.466,00:05:58.466,The frying pan.
795,P05-20240427-143353,00:04:45.233,00:04:55.233,The soy sauce bottle.
796,P01-20240203-150506,00:00:51.166,00:01:01.166,The plastic tupperware.
797,P07-20240529-102652,00:02:03.100,00:02:13.100,The glass.
798,P01-20240203-150506,00:05:58.033,00:06:08.033,The bag of dishwasher tablets.
799,P03-20240218-144430,00:01:31.466,00:01:41.466,The teaspoons.
800,P07-20240529-102652,00:15:03.633,00:15:13.633,The kettle.
801,P09-20240624-160737,00:33:11.366,00:33:21.366,The saucepan.
802,P01-20240204-152537,00:02:55.233,00:03:05.233,The toaster tray.
803,P05-20240425-173353,00:02:16.833,00:02:26.833,The carton of eggs.
804,P03-20240217-150310,00:06:20.100,00:06:30.100,The sponge.
805,P04-20240413-145245,00:00:36.100,00:00:46.100,The black slotted spatula.
806,P07-20240531-101357,00:03:14.266,00:03:24.266,The knives.
807,P06-20240510-100047,00:17:06.966,00:17:16.966,The cup.
808,P05-20240427-145526,00:02:10.600,00:02:20.600,The bowl.
809,P03-20240217-150310,00:00:08.733,00:00:18.733,The mug.
810,P01-20240202-195538,00:06:55.366,00:07:05.366,The glass.
811,P08-20240617-130401,00:07:38.366,00:07:48.366,The chopping board.
812,P01-20240203-130505,00:00:20.100,00:00:30.100,The empty plastic bag.
813,P03-20240217-100448,00:04:06.000,00:04:16.000,The box.
814,P09-20240624-160737,00:12:09.800,00:12:19.800,The knife.
815,P01-20240204-152537,00:04:26.200,00:04:36.200,The blue cloth.
816,P08-20240618-171546,00:09:29.533,00:09:39.533,The wok.
817,P05-20240425-173353,00:04:05.366,00:04:15.366,The glass mixing bowl.
818,P05-20240425-173353,00:00:42.300,00:00:52.300,The mixing bowl.
819,P05-20240427-143353,00:00:26.500,00:00:36.500,The bag of rice.
820,P04-20240413-151722,00:09:04.833,00:09:14.833,The bowl of shredded lettuce.
821,P05-20240425-171455,00:03:00.266,00:03:10.266,The packet of eggs.
822,P09-20240622-154652,00:09:00.000,00:09:10.000,The tea towel.
823,P09-20240624-165332,00:00:36.033,00:00:46.033,The bottle of washing up liquid.
824,P04-20240413-151722,00:09:32.266,00:09:42.266,The tablespoon.
825,P03-20240216-090759,00:04:50.433,00:05:00.433,The toaster.
826,P05-20240425-173353,00:03:55.166,00:04:05.166,The dishwashing brush.
827,P01-20240203-150506,00:00:42.366,00:00:52.366,The box.
828,P08-20240614-184945,00:10:26.866,00:10:36.866,The flask.
829,P05-20240427-151808,00:01:37.666,00:01:47.666,The fork.
830,P08-20240618-171546,00:17:43.166,00:17:53.166,The bottle of olive oil.
831,P08-20240618-171546,00:16:10.500,00:16:20.500,The spoon.
832,P07-20240530-102543,00:19:32.966,00:19:42.966,The small bowl.
833,P03-20240217-150310,00:08:36.433,00:08:46.433,The green cup.
834,P08-20240614-132938,00:00:43.766,00:00:53.766,The phone.
835,P09-20240624-160737,00:14:01.066,00:14:11.066,The spoon.
836,P07-20240529-194518,00:14:36.700,00:14:46.700,The scissors.
837,P05-20240425-171455,00:14:42.433,00:14:52.433,The frying pan.
838,P04-20240414-181030,00:02:44.700,00:02:54.700,The pen.
839,P04-20240414-181030,00:20:11.333,00:20:21.333,The bag of food.
840,P08-20240614-184945,00:14:45.333,00:14:55.333,The tongs.
841,P02-20240209-194141,00:01:54.066,00:02:04.066,The food bin.
842,P05-20240427-143353,00:17:24.633,00:17:34.633,The washing up brush.
843,P03-20240217-150310,00:01:03.200,00:01:13.200,The kitchen brush.
844,P08-20240617-130401,00:28:40.266,00:28:50.266,The spoon.
845,P02-20240211-111219,00:01:47.000,00:01:57.000,The tea towel.
846,P06-20240510-100047,00:24:06.266,00:24:16.266,The mobile phone.
847,P05-20240427-145526,00:03:54.233,00:04:04.233,The bottle.
848,P04-20240414-181030,00:03:21.466,00:03:31.466,The peanut butter jar.
849,P03-20240218-202148,00:02:33.300,00:02:43.300,The spatula.
850,P03-20240217-150310,00:03:32.666,00:03:42.666,The bowl.
851,P03-20240216-223126,00:01:39.700,00:01:49.700,The bottle of beer.
852,P05-20240427-143353,00:06:36.966,00:06:46.966,The carrot.
853,P02-20240211-115653,00:00:53.566,00:01:03.566,The block of cheddar cheese.
854,P07-20240531-201703,00:04:59.500,00:05:09.500,The baking tray.
855,P09-20240624-160737,00:03:54.766,00:04:04.766,The bowl of onions.
856,P07-20240531-101357,00:10:04.233,00:10:14.233,The tea towel.
857,P04-20240413-151722,00:01:45.800,00:01:55.800,The bottle of sriracha sauce.
858,P02-20240209-194141,00:02:06.333,00:02:16.333,The washing up brush.
859,P09-20240624-160737,00:14:01.933,00:14:11.933,The fork.
860,P01-20240204-152537,00:03:57.933,00:04:07.933,The wire.
861,P05-20240423-172243,00:01:26.400,00:01:36.400,The top of can.
862,P02-20240209-194141,00:12:16.500,00:12:26.500,The food bin.
863,P05-20240425-171455,00:11:52.466,00:12:02.466,The frying pan.
864,P08-20240614-184945,00:13:21.566,00:13:31.566,The air fryer drum.
865,P05-20240425-201444,00:02:52.266,00:03:02.266,The knife.
866,P09-20240622-154652,00:16:05.666,00:16:15.666,The potato chicken balls.
867,P08-20240614-184945,00:07:21.666,00:07:31.666,The plate.
868,P09-20240624-165332,00:12:37.100,00:12:47.100,The sponge.
869,P07-20240529-194518,00:15:05.100,00:15:15.100,The colander.
870,P07-20240529-102652,00:14:17.100,00:14:27.100,The salt.
871,P03-20240218-144430,00:09:56.733,00:10:06.733,The coffee filter.
872,P08-20240617-130401,00:21:24.766,00:21:34.766,The phone.
873,P04-20240414-181030,00:04:08.700,00:04:18.700,The dosa pan.
874,P09-20240624-160737,00:01:58.000,00:02:08.000,The chopping board.
875,P07-20240531-101357,00:27:10.066,00:27:20.066,The food waste bin.
876,P02-20240211-111219,00:00:31.966,00:00:41.966,The stack of colanders.
877,P02-20240209-194141,00:11:48.466,00:11:58.466,The bowl.
878,P04-20240414-181030,00:02:46.066,00:02:56.066,The notebook.
879,P05-20240425-171455,00:15:04.333,00:15:14.333,The cheese block.
880,P04-20240414-181030,00:03:29.533,00:03:39.533,The hot plate.
881,P05-20240425-201444,00:15:43.166,00:15:53.166,The lid of butter dish.
882,P09-20240624-165332,00:21:07.800,00:21:17.800,The sponge.
883,P05-20240425-171455,00:17:09.766,00:17:19.766,The mushrooms.
884,P07-20240531-101357,00:10:22.133,00:10:32.133,The wooden scrubbing brush.
885,P02-20240209-194141,00:11:06.666,00:11:16.666,The glass countertop protector.
886,P03-20240218-144430,00:13:24.466,00:13:34.466,The kettle.
887,P08-20240618-171546,00:11:46.866,00:11:56.866,The spatula.
888,P09-20240624-160737,00:34:20.100,00:34:30.100,The keepcup.
889,P06-20240510-100047,00:11:17.900,00:11:27.900,The bottle of liquid dishwasher.
890,P06-20240510-100047,00:01:39.200,00:01:49.200,The pen.
891,P02-20240210-100308,00:02:02.266,00:02:12.266,The milk.
892,P02-20240211-104948,00:04:07.233,00:04:17.233,The rightmost stack of wheat bixies.
893,P09-20240624-165332,00:11:29.500,00:11:39.500,The parchment paper.
894,P07-20240531-101357,00:03:28.533,00:03:38.533,The knife.
895,P08-20240618-171546,00:18:04.200,00:18:14.200,The phone.
896,P03-20240216-090759,00:00:23.366,00:00:33.366,The jug.
897,P05-20240427-143353,00:05:55.700,00:06:05.700,The red onion.
898,P03-20240218-144430,00:02:49.266,00:02:59.266,The dishwasher brush.
899,P03-20240218-202148,00:00:45.466,00:00:55.466,The plate.
900,P08-20240614-184945,00:03:20.566,00:03:30.566,The scissors.
901,P01-20240202-195538,00:06:12.733,00:06:22.733,The left glove.
902,P01-20240202-195538,00:07:18.100,00:07:28.100,The oven glove.
903,P05-20240425-171455,00:14:40.633,00:14:50.633,The knife.
904,P03-20240217-210126,00:00:57.800,00:01:07.800,The lid.
905,P08-20240617-130401,00:22:20.200,00:22:30.200,The pot.
906,P05-20240425-171455,00:10:04.266,00:10:14.266,The bottle of oil.
907,P01-20240202-195538,00:01:46.433,00:01:56.433,The spoon.
908,P07-20240529-194518,00:07:03.100,00:07:13.100,The wooden spatula.
909,P08-20240617-130401,00:19:25.833,00:19:35.833,The phone.
910,P05-20240425-201444,00:22:53.133,00:23:03.133,The towel.
911,P07-20240529-102652,00:03:20.233,00:03:30.233,The saucepan lid.
912,P04-20240413-151722,00:02:01.700,00:02:11.700,The jar.
913,P05-20240425-173353,00:01:27.000,00:01:37.000,The jar of spice.
914,P05-20240427-151808,00:01:17.400,00:01:27.400,The coconut milk.
915,P07-20240531-201703,00:17:33.466,00:17:43.466,The pen.
916,P08-20240617-130401,00:24:42.433,00:24:52.433,The tea towel.
917,P02-20240210-122334,00:03:29.166,00:03:39.166,The plate.
918,P09-20240624-160737,00:02:08.333,00:02:18.333,The knife.
919,P07-20240529-194518,00:10:53.133,00:11:03.133,The glass jug.
920,P01-20240202-195538,00:02:59.933,00:03:09.933,The pan.
921,P05-20240427-145526,00:05:35.466,00:05:45.466,The pan.
922,P08-20240617-130401,00:01:30.066,00:01:40.066,The tea towel.
923,P07-20240531-201703,00:27:27.700,00:27:37.700,The food waste bin.
924,P08-20240617-130401,00:09:56.800,00:10:06.800,The salad bowl.
925,P08-20240618-171546,00:05:48.600,00:05:58.600,The can of tomato sauce.
926,P01-20240203-130505,00:01:22.000,00:01:32.000,The pen.
927,P03-20240217-150310,00:05:55.133,00:06:05.133,The ladle.
928,P02-20240210-100308,00:00:20.500,00:00:30.500,The bag of tortilla chips.
929,P04-20240413-151722,00:18:43.166,00:18:53.166,The bottile of oil.
930,P05-20240427-145526,00:00:45.400,00:00:55.400,The chopping board.
931,P07-20240531-101357,00:04:01.100,00:04:11.100,The large silver bowl.
932,P08-20240618-171546,00:12:40.733,00:12:50.733,The phone.
933,P07-20240530-102543,00:20:54.700,00:21:04.700,The spoon.
934,P05-20240423-172243,00:04:16.066,00:04:26.066,The pan.
935,P04-20240413-151722,00:20:14.566,00:20:24.566,The empty container.
936,P08-20240618-171546,00:10:01.866,00:10:11.866,The can of tomato sauce.
937,P09-20240622-154652,00:04:42.133,00:04:52.133,The fork.
938,P07-20240531-101357,00:38:47.966,00:38:57.966,The lid of container.
939,P07-20240529-194518,00:13:53.833,00:14:03.833,The empty cheese packaging.
940,P07-20240529-194518,00:24:05.766,00:24:15.766,The knife.
941,P07-20240529-102652,00:03:08.300,00:03:18.300,The glass.
942,P01-20240203-152323,00:01:56.533,00:02:06.533,The meat pie.
943,P09-20240624-165332,00:01:05.733,00:01:15.733,The mug.
944,P06-20240510-100047,00:01:38.933,00:01:48.933,The notebook.
945,P02-20240211-104948,00:03:31.500,00:03:41.500,The towel.
946,P06-20240510-100047,00:24:02.566,00:24:12.566,The plate.
947,P08-20240617-130401,00:19:41.400,00:19:51.400,The top of pot.
948,P03-20240217-150310,00:09:55.766,00:10:05.766,The orange cloth.
949,P07-20240529-194518,00:14:10.000,00:14:20.000,The piece of kitchen roll.
950,P05-20240427-145526,00:02:24.133,00:02:34.133,The plate.
951,P07-20240530-102543,00:00:50.466,00:01:00.466,The glass jug.
952,P02-20240210-100308,00:01:37.966,00:01:47.966,The roll of pastry.
953,P09-20240624-165332,00:18:09.900,00:18:19.900,The bag of tea.
954,P02-20240210-122334,00:01:26.300,00:01:36.300,The chef's knife.
955,P04-20240413-145245,00:10:21.100,00:10:31.100,The sieve.
956,P05-20240424-130119,00:02:59.233,00:03:09.233,The plate.
957,P01-20240203-150506,00:03:14.833,00:03:24.833,The spatula.
958,P07-20240529-194518,00:07:03.133,00:07:13.133,The frying pan.
959,P07-20240531-101357,00:15:30.466,00:15:40.466,The cnatiner.
960,P03-20240218-202148,00:04:28.433,00:04:38.433,The potato masher.
961,P07-20240529-194518,00:06:36.700,00:06:46.700,The glass jug.
962,P09-20240622-194642,00:05:51.533,00:06:01.533,The white bowl.
963,P05-20240425-171455,00:01:54.933,00:02:04.933,The lid.
964,P03-20240218-202148,00:06:30.800,00:06:40.800,The inner part of plastic colander.
965,P09-20240624-160737,00:19:43.600,00:19:53.600,The saucepan.
966,P04-20240414-181030,00:03:15.666,00:03:25.666,The bottle of oil.
967,P03-20240217-210126,00:01:58.766,00:02:08.766,The dishwasher brush.
968,P05-20240425-082420,00:03:55.166,00:04:05.166,The teapot.
969,P03-20240216-223126,00:01:23.733,00:01:33.733,The glass.
970,P07-20240529-102652,00:13:23.500,00:13:33.500,The portafilter.
971,P04-20240413-151722,00:01:05.833,00:01:15.833,The white serving bowl.
972,P05-20240425-201444,00:17:05.833,00:17:15.833,The stack of bowls.
973,P07-20240531-201703,00:00:36.133,00:00:46.133,The wooden spoons.
974,P05-20240425-171455,00:14:40.366,00:14:50.366,The fine cheese grater.
975,P07-20240530-102543,00:10:28.966,00:10:38.966,The eggshell halves.
976,P08-20240618-171546,00:18:19.166,00:18:29.166,The weighing scales.
977,P09-20240622-194642,00:02:51.533,00:03:01.533,The container of yogurt.
978,P07-20240530-102543,00:11:53.066,00:12:03.066,The bottle of vanilla extract.
979,P07-20240530-102543,00:03:12.666,00:03:22.666,The bowl.
980,P04-20240413-151722,00:00:24.700,00:00:34.700,The scale.
981,P05-20240425-201444,00:22:05.066,00:22:15.066,The colander.
982,P05-20240425-171455,00:03:29.833,00:03:39.833,The chopping board.
983,P04-20240414-181030,00:03:59.000,00:04:09.000,The regulator.
984,P04-20240413-151722,00:18:41.233,00:18:51.233,The lemon.
985,P07-20240529-194518,00:08:56.366,00:09:06.366,The very small piece of cheese.
986,P04-20240413-145245,00:09:38.766,00:09:48.766,The black slotted spatula.
987,P07-20240529-194518,00:11:12.566,00:11:22.566,The cheese grater.
988,P09-20240624-160737,00:01:43.966,00:01:53.966,The tomato.
989,P07-20240530-102543,00:19:10.566,00:19:20.566,The knife.
990,P09-20240622-154652,00:08:38.466,00:08:48.466,The jars of spice.
991,P04-20240414-181030,00:02:23.933,00:02:33.933,The frying pan.
992,P09-20240624-160737,00:28:35.033,00:28:45.033,The fork.
993,P03-20240218-144430,00:00:59.366,00:01:09.366,The used tea bag.
994,P02-20240210-100308,00:02:24.266,00:02:34.266,The left hand vegetable drawer.
995,P02-20240210-100308,00:02:44.533,00:02:54.533,The apple turnover.
996,P05-20240427-143353,00:17:53.366,00:18:03.366,The metal bowl.
997,P01-20240203-150506,00:08:44.600,00:08:54.600,The ladle.
998,P05-20240425-201444,00:16:25.133,00:16:35.133,The mixer.
999,P09-20240624-160737,00:23:51.933,00:24:01.933,The plate.